{
  "Badezimmer": [
    [
      0.14127604166666666,
      0.095703125
    ],
    [
      0.14127604166666666,
      0.337890625
    ],
    [
      0.3684895833333333,
      0.3349609375
    ],
    [
      0.365234375,
      0.103515625
    ]
  ],
  "Schlafzimmer": [
    [
      0.5,
      0.099609375
    ],
    [
      0.509765625,
      0.3876953125
    ],
    [
      0.865234375,
      0.3876953125
    ],
    [
      0.85546875,
      0.099609375
    ]
  ],
  "Wohnzimmer": [
    [
      0.13802083333333334,
      0.35546875
    ],
    [
      0.14127604166666666,
      0.822265625
    ],
    [
      0.4837239583333333,
      0.818359375
    ],
    [
      0.4837239583333333,
      0.5263671875
    ],
    [
      0.3717447916666667,
      0.51953125
    ],
    [
      0.365234375,
      0.3525390625
    ]
  ],
  "Kueche": [
    [
      0.60546875,
      0.51953125
    ],
    [
      0.6087239583333334,
      0.818359375
    ],
    [
      0.8684895833333334,
      0.822265625
    ],
    [
      0.85546875,
      0.4130859375
    ],
    [
      0.6510416666666666,
      0.4130859375
    ],
    [
      0.64453125,
      0.51953125
    ]
  ]
}
